time,rating,free_text,surgery,pcn
8/23/24 15:48,Very good,Booking the appointment and the quality of the medical care were excellent,The-Chelsea-Practice,Brompton-Health-PCN
6/22/24 21:53,Good,Friendly reception caring doctors and no issues whatsoever,Stanhope-Mews-Surgery,Brompton-Health-PCN
9/5/25 13:21,Very good,I always feel well cared for at my GP Surgery,The-Abingdon-Medical-Practice,Brompton-Health-PCN
6/27/24 17:09,Very good,The service was smooth effective and polite,Health-Partners-at-Violet-Melchett,Brompton-Health-PCN
6/3/24 12:20,Neither good nor poor,Lately it s not easy to get an appointment anymore Changed a Lot,The-Good-Practice,Brompton-Health-PCN
9/14/26 10:33,Very good,From email to consultation was less than an hour It could not have been faster,Health-Partners-at-Violet-Melchett,Brompton-Health-PCN
6/20/24 13:42,Very good,My doctor PERSON took the time to explain my concerns in great detail She prompted me to get a blood test based on my eating habits and allayed any fears that I had,Stanhope-Mews-Surgery,Brompton-Health-PCN
7/17/25 9:30,Very good,Dr PERSON was very quick to deal with my problem and giving the right medication Thank you,Stanhope-Mews-Surgery,Brompton-Health-PCN
12/30/25 23:16,Very good,the doctor who saw me on that day gave me enough time to listen to all my problems I had on my health,The-Good-Practice,Brompton-Health-PCN
7/18/25 17:05,Very good,Your exceptional service deserves recognition I would call you a hero Thank you for your dedication,Earls-Court-Medical-Centre,Brompton-Health-PCN
5/23/26 14:33,Very good,I am very grateful and happy for all service,Earls-Court-Medical-Centre,Brompton-Health-PCN
10/31/24 11:52,Very good,I used Patches at Midday Had a face to face appointment 2 hours later and was immediately reassured that there was no issue to worry about My appointment was also on time,Health-Partners-at-Violet-Melchett,Brompton-Health-PCN
11/26/25 22:54,Very good,Iam so happy with my doctor l been with her long time and always very helpful and as long time with my Gp registered,Stanhope-Mews-Surgery,Brompton-Health-PCN
1/23/25 11:12,Very good,Very good and caring all the Dr and stuff,Stanhope-Mews-Surgery,Brompton-Health-PCN
8/25/26 9:29,Very good,For the two years since I joined the practice your responses from reception staff to doctors to diagnosis to joint patient Dr treatment decision and its implementation have been extraornarily excellent 81 years since 45or 49,Kensington-Park-Medical-Centre,Brompton-Health-PCN
6/23/24 18:38,Very good,Long time patient Reception staff and nurses helpful friendly Dr PERSON is amazing,Stanhope-Mews-Surgery,Brompton-Health-PCN
1/6/25 16:38,Good,Twice now weeks apart the doctor prescribed a new medicine and said they would alert my local pharmacy Zafash of the prescription On the first occasion either the GP or desk staff did not alert Zafash until the next day On the most recent occasion this week the doctor did not recall to alert Zafash I had to ring the surgery again near 6 30pm on Friday evening and only then got the duty doctor to tell Zafash about the new prescription,Health-Partners-at-Violet-Melchett,Brompton-Health-PCN
8/24/24 12:38,Good,Your form does not make clear which treatment it refers to but my general experience of the GP s practice is Good,Stanhope-Mews-Surgery,Brompton-Health-PCN
3/18/26 17:50,Very good,I was treated with courtesy and professionally,The-Good-Practice,Brompton-Health-PCN
5/14/26 15:33,Very good,The receptionist gentleman who answered the phone was first class Helpful and understanding He followed through and solved the problem I had,Health-Partners-at-Violet-Melchett,Brompton-Health-PCN
3/29/24 11:58,Very good,I ve used this surgery for many years and have always found the staff to be helpful and proactive,Earls-Court-Surgery,Brompton-Health-PCN
4/21/26 12:31,Very good,Quick dealt with question quickly and decisively,Stanhope-Mews-Surgery,Brompton-Health-PCN
4/8/25 19:05,Very good,an evening appointment was booked for me and the doctor shared plans and booked relevant pills to best alleviate leg pain due to lumbar spine problem Many thanks PERSON he also shared these plans with you,Health-Partners-at-Violet-Melchett,Brompton-Health-PCN
5/2/26 1:41,Very good,The doctor was really patient listened to all of my comcerns and already sorted further management of my medical complaint reception was also great Did not rush in any way at all,The-Good-Practice,Brompton-Health-PCN
10/15/25 10:40,Very good,Excellent service Kind caring and efficient Many thanks,Health-Partners-at-Violet-Melchett,Brompton-Health-PCN
9/14/26 12:46,Very good,I saw Dr PERSON for the first time today He listened considered and discussed his opinion with me Very helpful consultation,Health-Partners-at-Violet-Melchett,Brompton-Health-PCN
4/6/26 21:36,Very good,Excellent service Dr PERSON very helpful and understanding,Health-Partners-at-Violet-Melchett,Brompton-Health-PCN
6/20/25 15:36,Very good,The service offered by the Chelsea Practice is head and shoulders above any others I have used or my family use,The-Chelsea-Practice,Brompton-Health-PCN
2/28/24 17:06,Very good,The triage phone back system does not work at all well for people with jobs,Health-Partners-at-Violet-Melchett,Brompton-Health-PCN
7/22/26 5:31,Very good,Dr PERSON is very attentive caring and informative She takes careful and well thought out medical action and I feel heard and well looked after Also the male nurse or medical assistant I saw recently looked after me very well and took blood much better than at the C W hospital,Stanhope-Mews-Surgery,Brompton-Health-PCN
8/2/25 14:03,Very good,My entire journey was agreeable from the signing presents waiting room till seeing the Doctor and eventually leave the Medical centre,Kensington-Park-Medical-Centre,Brompton-Health-PCN
2/12/24 21:36,Very good,Your people really made an effort andinvestigated and tried to define my problem better,Health-Partners-at-Violet-Melchett,Brompton-Health-PCN
2/4/26 12:04,Neither good nor poor,Very difficult to meet with different doctors,The-Good-Practice,Brompton-Health-PCN
5/1/26 17:55,Very good,Every member of staff was helpful and knew exactly what they were doing Very impressive Thank you,Kensington-Park-Medical-Centre,Brompton-Health-PCN
1/13/25 16:22,Very good,Reception and phone staff were receptive efficient and polite Phlebotomist is was efficient friendly and professional I was able to see Dr PERSON who has known our family for a long time to examine me for pain I was having for a few days and for consultation re a possible foot infection,Emperors-Gate-Health-Centre,Brompton-Health-PCN
6/11/24 7:41,Very good,The team is always professional and polite abd would go out of their way to help the patients,Stanhope-Mews-Surgery,Brompton-Health-PCN
1/4/25 12:30,Good,Was perfect the doctor guide me in y medical matters,Health-Partners-at-Violet-Melchett,Brompton-Health-PCN
1/4/25 14:00,Very good,Everyone I have seen in regards have treated me with respect I explained all next steps clearly,Health-Partners-at-Violet-Melchett,Brompton-Health-PCN
10/3/24 14:03,Good,Logging on to the web site takes far too many screens navigation is repeitive and does not take to where I expect I use the phone again for repeat prescriptions,Stanhope-Mews-Surgery,Brompton-Health-PCN
1/23/25 11:27,Very good,Much better than others I reckon,Stanhope-Mews-Surgery,Brompton-Health-PCN
3/25/24 20:15,Good,Because despite the fact that most GP rarely offer a face to face appointments in Earl s Court Medical Centre they managed to get you one although later than what one would wish to have,Earls-Court-Medical-Centre,Brompton-Health-PCN
6/29/26 8:20,Good,It was good on time and quick,The-Good-Practice,Brompton-Health-PCN
9/17/24 10:38,Very good,My health concerns were addressed with great care and charm And tests arranged quickly I was Extremely happy with my consultation and after care,Health-Partners-at-Violet-Melchett,Brompton-Health-PCN
3/31/26 9:19,Very good,I was able to fix the issue with my prescription,Earls-Court-Surgery,Brompton-Health-PCN
10/22/25 15:21,Poor,I had an appointment with the same GP and then she made another appointment that I was waiting more than 2 weeks with the same GP just to let me know that she has to refer me to another doctor So 2 appointments just to tell me that someone alse has to see me,Health-Partners-at-Violet-Melchett,Brompton-Health-PCN
4/21/26 15:47,Very good,Very good people and great service,Stanhope-Mews-Surgery,Brompton-Health-PCN
10/31/24 9:06,Good,Because l did not have to wait,Stanhope-Mews-Surgery,Brompton-Health-PCN
10/24/24 14:21,Very good,Always get a quick appointments Staff are very efficient and polite Doctors are very helpful,Emperors-Gate-Health-Centre,Brompton-Health-PCN
3/18/24 19:29,Poor,Doctors seem to change Unlikelyly regularly so hard to have a practitioner who knows you,Stanhope-Mews-Surgery,Brompton-Health-PCN
5/29/24 5:57,Very poor,Is never the same doctor and the last one didn t give me some thing to help with my sinusite that I have from 3 months and is getting worst I did ask to be check from a specialist ENT But it never happen,Health-Partners-at-Violet-Melchett,Brompton-Health-PCN
10/20/24 16:02,Very good,Because everything went to plan and I was seen on time and the doctor phoned at the appointed time I was able to ask questions as a result of which the dr made an appointment for me to see a cardiologist,Health-Partners-at-Violet-Melchett,Brompton-Health-PCN
3/10/25 12:49,Very good,Friendly kind very professional and efficient staff both reception medical,Health-Partners-at-Violet-Melchett,Brompton-Health-PCN
12/3/24 2:29,Neither good nor poor,Only recently registered as new patient as surgery is easier to get to,The-Abingdon-Medical-Practice,Brompton-Health-PCN
10/21/24 10:47,Very good,Quiet surgery clean and friendly staff,The-Chelsea-Practice,Brompton-Health-PCN
7/17/25 9:42,Very good,Because the doctors gave me good advice and agreed that I should have an X Ray when my pain got worse and then came back to me with more good advice when they got the results They also suggested that I pop by the surgery and use the measuring machine for my blood pressure,Stanhope-Mews-Surgery,Brompton-Health-PCN
10/25/24 12:57,Very good,I feel my complicated needs are met with patients and respect,The-Chelsea-Practice,Brompton-Health-PCN
9/22/24 16:27,Poor,Was seen by a Health care assistant not a doctor or nurse,The-Abingdon-Medical-Practice,Brompton-Health-PCN
2/27/25 13:58,Very good,Doctor saw me on time Was very professional and friendly,The-Abingdon-Medical-Practice,Brompton-Health-PCN
1/4/25 16:43,Good,Because the GP listened to me and will make a referral and will be happy to give me a face to face appointment for an ongoing issue,Health-Partners-at-Violet-Melchett,Brompton-Health-PCN
11/5/24 10:02,Good,The reception was friendly The doctor was attentive and intrested in me as patient and he was kind,The-Chelsea-Practice,Brompton-Health-PCN
11/4/24 10:12,Very good,Staff are very professional welcome Very good Doctor is the best,Earls-Court-Surgery,Brompton-Health-PCN
11/18/24 9:21,Very poor,I was contacted by the surgery to make an appointment for a smear following two previous traumatic and unsuccessful smear appointments I had explained to the administration and medical staff not just over the last 2 weeks but previously about my high levels of anxiety about medical appointments Following this initial call I had two subsequent calls suggested by the surgery not me with different Doctors where I tried to explain how extreme and growing my medical anxiety was and that I was finding it difficult to be heard The focus felt it was on getting the appointment for the smear test The final call suggested she ask a Doctor who has known me for many years to call me she made an appointment which was subsequently changed by the surgery but no call received,Health-Partners-at-Violet-Melchett,Brompton-Health-PCN
1/4/25 12:40,Very good,Firstly I want to give my wife next prescription and I asked for an appointment for myself as I had a dry cough for 6 months The person on desk said a doctor was free on the afternoon I saw this doctor who helped with my trouble check me and organise a future appointment with some lungs specialist in the hospital,Health-Partners-at-Violet-Melchett,Brompton-Health-PCN
10/3/25 21:30,Very good,It s always a good experience and I get good advice with Doctors nurses there in relation to my health,Emperors-Gate-Health-Centre,Brompton-Health-PCN
9/22/24 8:17,Very good,All in all very good and friendly service,Scarsdale-Medical-Centre,Brompton-Health-PCN
10/29/24 8:56,Good,Two doctors are professional and helpful but sometimes there are more I can t support you with that rather than let s find a solution together,Stanhope-Mews-Surgery,Brompton-Health-PCN
12/29/25 8:44,Very good,PERSON was easy to talk to,The-Chelsea-Practice,Brompton-Health-PCN
7/15/25 9:15,Very good,It was an excellent experience from beginning to end The customer service and manners of the receptionist were fantastic Dr PERSON was exceptional at creating a safe space for me to talk about my situation That together with her clear advice enabled a pathway to provide me with support to help me feel better Thank you Dr PERSON,Health-Partners-at-Violet-Melchett,Brompton-Health-PCN
4/2/25 9:59,Very good,Quick reposnse from GP Easy to access,Health-Partners-at-Violet-Melchett,Brompton-Health-PCN
5/20/24 11:02,Very good,You are always kind and friendly,Health-Partners-at-Violet-Melchett,Brompton-Health-PCN
2/16/26 16:34,Very good,Efficient from booking appointment to advice received from the nurse,Stanhope-Mews-Surgery,Brompton-Health-PCN
12/7/24 11:15,Very poor,I will not be taking any appointments with Dr PERSON whom I believe does not represent my previous experience with the clinic,Kensington-Park-Medical-Centre,Brompton-Health-PCN
6/20/24 12:31,Very good,Doctors are very helpful relaliable and caring,Stanhope-Mews-Surgery,Brompton-Health-PCN
7/8/26 22:08,Very good,Just a feeling but it s a good service Doctors got the will to find the way in hope to bring patients back to the pic of their health fit,Kensington-Park-Medical-Centre,Brompton-Health-PCN
1/20/26 19:04,Very good,I received a call regarding my test results before I had to call the surgery myself,Emperors-Gate-Health-Centre,Brompton-Health-PCN
10/25/24 17:25,Very good,Nurse PERSON was very helpful though I came in at the wrong time due to some confusion on my part,Earls-Court-Medical-Centre,Brompton-Health-PCN
11/27/25 10:01,Good,I am happy with the doctors but not with the waiting for allointments,Stanhope-Mews-Surgery,Brompton-Health-PCN
2/7/26 12:36,Very good,Pleasant positive response from reception team Very pleasant Doctor addressing my medical issues promptly,The-Good-Practice,Brompton-Health-PCN
4/7/24 17:23,Good,It s very frustrating to wait for a gp call to discuss hrt medication to then be referred to a menopause clinic who can t write me a prescription it s then handed back to the gp to write This involves so much more nhs time effort and delays than is needed what a waste of money when they could as my previous gp did just change the medication from the first phone call A huge waste of everyone s time,The-Abingdon-Medical-Practice,Brompton-Health-PCN
1/28/25 12:22,Very good,Advice was easy to follow and gave me confidence,The-Chelsea-Practice,Brompton-Health-PCN
1/5/25 22:21,Very good,Dr PERSON was very helpful and thorough I felt confident I was being well looked after,Health-Partners-at-Violet-Melchett,Brompton-Health-PCN
1/14/26 18:28,Very good,I have had important blood tests the staff were helpful,The-Good-Practice,Brompton-Health-PCN
11/26/25 8:03,Very good,Saw same PERSON utse each time We get on well and I trust her competence,Stanhope-Mews-Surgery,Brompton-Health-PCN
4/21/25 11:08,Very good,I have complete confidence in the consultation I received and the treatment that was recommended,Health-Partners-at-Violet-Melchett,Brompton-Health-PCN
1/21/25 13:02,Very good,Really kind Dr understanding Reception team are great as always,The-Chelsea-Practice,Brompton-Health-PCN
11/14/24 16:26,Very good,The nurse was very kind and helpful,Health-Partners-at-Violet-Melchett,Brompton-Health-PCN
6/19/26 18:43,Very good,I would like to express my sincere gratitude to Dr PERSON for her outstanding care and support She was incredibly helpful compassionate and kind throughout my appointment I truly appreciated the time she took to listen to my concerns and explain everything about my health in a clear and reassuring way Her professionalism patience and caring attitude made me feel comfortable and well supported Thank you Dr PERSON for your dedication and for providing such excellent care It was a pleasure to be under your care and I am very grateful for your help,The-Good-Practice,Brompton-Health-PCN
11/7/25 20:29,Very good,Thanks to Dr very kindly try find to help me,Kensington-Park-Medical-Centre,Brompton-Health-PCN
3/21/24 14:16,Very good,The receptionist listening to what I actually said,Scarsdale-Medical-Centre,Brompton-Health-PCN
1/6/25 17:39,Very good,Very attentive GP who offered to take my blood pressure and pulse without me asking him,The-Chelsea-Practice,Brompton-Health-PCN
8/23/24 22:11,Very good,I needed to see a doctor that day and I did and received attentive care and medication for which I was very grateful,Stanhope-Mews-Surgery,Brompton-Health-PCN
4/6/24 18:14,Good,My appointment started 40 minutes late,Scarsdale-Medical-Centre,Brompton-Health-PCN
12/4/26 17:45,Neither good nor poor,Porque el médico otorrino estaba sin pacientes y llegué 10 minutos tarde no me atendió por mucho que le pedí que me atendiera casi me pongo de rodillas me parece muy mal porque no me encontrá bien,Stanhope-Mews-Surgery,Brompton-Health-PCN
12/4/25 6:14,Very good,We were 5min late for our appointment and Dr PERSON very graciously agreed to see us Sincere apologies,The-Abingdon-Medical-Practice,Brompton-Health-PCN
8/13/26 18:37,Very good,Easy access to health care provider,Kensington-Park-Medical-Centre,Brompton-Health-PCN
5/6/24 18:24,Very good,Because the entire staff and medical team go beyond the call of duty in providing clinical care and support with courtesy and extreme professionalism and diligence,Emperors-Gate-Health-Centre,Brompton-Health-PCN
4/22/26 12:25,Very good,Was quick Professional Clean And courteous,Stanhope-Mews-Surgery,Brompton-Health-PCN
3/13/24 16:11,Very good,I almost made a complaint about the repeated rudeness of one of the receptionists Mostly though it s Good and I like Dr PERSON,The-Abingdon-Medical-Practice,Brompton-Health-PCN
8/27/24 13:39,Very good,They always make a full effort,The-Abingdon-Medical-Practice,Brompton-Health-PCN
5/15/26 13:29,Good,I require a prescription fpr my psoarisis,Earls-Court-Surgery,Brompton-Health-PCN
11/14/24 17:22,Poor,I am housebound and it is very difficult to get GP home visit,Health-Partners-at-Violet-Melchett,Brompton-Health-PCN
6/23/26 9:27,Good,I think that in reflection you should know my blood type which I believe to be A negative Can this be checked And added to my profile I am hopeful to see a dermatologist at C W hospital about the lesion on my nose which Dr PERSON identified as a Basel cell carcinoma Have my daily prescriptions of Clopidogrel and Atorvastatin 40 been reinstated at Harleys Chemist Thank you for your care PERSON,Stanhope-Mews-Surgery,Brompton-Health-PCN
6/2/25 18:55,Very good,Very supportive and called me back promptly,Emperors-Gate-Health-Centre,Brompton-Health-PCN
6/3/24 16:34,Very good,My recent visits have gone well The surgery lift seems unreliable,Stanhope-Mews-Surgery,Brompton-Health-PCN
11/22/24 19:50,Very good,This is my true feeling about everything at the surgery,The-Chelsea-Practice,Brompton-Health-PCN
9/15/26 5:59,Good,I was treated well and with kindness,Health-Partners-at-Violet-Melchett,Brompton-Health-PCN
9/3/26 18:17,Very good,Dr PERSON who I have known for years Explains it clearly follows through pushes to do the tests,Kensington-Park-Medical-Centre,Brompton-Health-PCN
7/15/24 10:45,Very good,Relatively quick appointments and friendly GPs I would recommend,The-Chelsea-Practice,Brompton-Health-PCN
1/20/26 13:47,Very good,As ever the service I received from the surgery was faultless I really do believe tat everyone working there tries their best to help patients and they always succeed handsomely,Emperors-Gate-Health-Centre,Brompton-Health-PCN
2/14/24 14:06,Very good,Prompt care even when it is not possible to see or hear from my GP,Stanhope-Mews-Surgery,Brompton-Health-PCN
5/21/24 12:16,Very good,The waiting time was not long and a Good consultation,Health-Partners-at-Violet-Melchett,Brompton-Health-PCN
9/10/25 13:37,Very good,Excellent service from start to finish Dr PERSON and Dr PERSON are professional kind and truly care about their patients The whole experience was smooth efficient and reassuring,Kensington-Park-Medical-Centre,Brompton-Health-PCN
9/20/24 16:30,Very good,Very good reception kind doctor who took the time to explain everything clearly,Kensington-Park-Medical-Centre,Brompton-Health-PCN
4/7/25 12:14,Very good,The doctor was very helpful and very kind to me,Earls-Court-Medical-Centre,Brompton-Health-PCN
7/28/26 15:06,Very good,Very responsive and helpful with advice,Emperors-Gate-Health-Centre,Brompton-Health-PCN
9/15/26 18:03,Very good,They got in touch with me asap when they found something wrong with a test just so I could have it repeated which I have done so,Stanhope-Mews-Surgery,Brompton-Health-PCN
3/6/26 17:32,Very poor,A new doctor at the clinic with no experience and hasn t done anything,The-Good-Practice,Brompton-Health-PCN
8/17/26 17:26,Very good,I felt taken care of and given professional help,Health-Partners-at-Violet-Melchett,Brompton-Health-PCN
7/12/25 17:16,Very good,I received very prompt telephone appointments and good feedback on results of tests,Stanhope-Mews-Surgery,Brompton-Health-PCN
7/25/24 18:11,Very good,Very helpful friendly and polite staff Can t recommend enough,Stanhope-Mews-Surgery,Brompton-Health-PCN
11/15/25 9:06,Very good,Telephoned on time and helped sort my problem out,Kensington-Park-Medical-Centre,Brompton-Health-PCN
1/14/25 16:20,Very good,Easy to book good facilities and friendly helpful staff,Kensington-Park-Medical-Centre,Brompton-Health-PCN
1/26/24 12:50,Very good,Fix the TV that was used to direct the client patient to the consultation room This was a very important help for everyone,Scarsdale-Medical-Centre,Brompton-Health-PCN
11/9/25 19:27,Very good,Amazing staff both medical and administrative,Kensington-Park-Medical-Centre,Brompton-Health-PCN
5/20/24 14:55,Neither good nor poor,Since the surgery has moved to it s new home in flood street I have experienced problems with seeing too many different doctors also ordering my medication on line doesn t always go right and I feel sometimes that my health conditions aren t always checked as frequently as I would like,Health-Partners-at-Violet-Melchett,Brompton-Health-PCN
12/5/25 20:51,Very good,Very professional Doctors Very kind and helpful Reception Support Staff,Kensington-Park-Medical-Centre,Brompton-Health-PCN
11/9/24 8:35,Very good,I was greeted politely as soon as I entered to the reception,The-Abingdon-Medical-Practice,Brompton-Health-PCN
12/8/25 8:57,Very good,The nurse was very friendly she made me feel comfortable,Kensington-Park-Medical-Centre,Brompton-Health-PCN
4/17/26 9:54,Very good,Able to get me an appointment quickly,The-Chelsea-Practice,Brompton-Health-PCN
2/6/25 6:46,Very good,Pleasant and helpful medical and administrative staff,Health-Partners-at-Violet-Melchett,Brompton-Health-PCN
11/9/25 9:59,Very good,I was given an appointment on the day that I phoned to make one and saw Doctor PERSON who was lovely and very reassuring,The-Chelsea-Practice,Brompton-Health-PCN
1/6/24 9:20,Very good,It would be useful to have guidance on whether staff would prefer people to wear masks,Scarsdale-Medical-Centre,Brompton-Health-PCN
3/24/25 17:42,Very good,PERSON on reception is always efficient helpful and pleasant,Emperors-Gate-Health-Centre,Brompton-Health-PCN
7/26/24 2:24,Very good,I have no problem with the care I get,Scarsdale-Medical-Centre,Brompton-Health-PCN
3/15/25 19:15,Very good,Wonderful very helpful understanding Doctor 100,Health-Partners-at-Violet-Melchett,Brompton-Health-PCN
2/4/25 9:20,Very good,Appointment on time Polite and courteous staff Dr listened to patient,The-Chelsea-Practice,Brompton-Health-PCN
11/27/24 23:18,Very good,The Surgery is clean and I like the fact there s a lot of female doctors being female myself,Stanhope-Mews-Surgery,Brompton-Health-PCN
9/7/25 22:44,Very good,I m Abingdon surgery practice patient for almost 15 year Happy with all services they offering From reception to see a Dr or nurse Girls in the phone so polite and professional in their job Dr PERSON is my Dr for years He s so nice caring knowledgeable patient and a good listener He try his best to pay attention on patient s problem and try to do his best to help to get the problem sorted He delivers a first class service in a very professional manner PERSON is a brilliant nurse She is polite nice with a smiley face welcoming a patient The way she treats me makes me at ease to talk and trust her A five star ⭐️ feed back and special thanks to Abingdon Centre team ⭐️,The-Abingdon-Medical-Practice,Brompton-Health-PCN
5/14/25 9:37,Very good,Having waited 2 years for this appointment it all went very smoothly,Health-Partners-at-Violet-Melchett,Brompton-Health-PCN
2/29/24 9:53,Very poor,I have had huge difficulties getting through to the surgery always,Health-Partners-at-Violet-Melchett,Brompton-Health-PCN
3/2/26 11:48,Good,I had a scan at C W on 4 December and you have not got a report,The-Abingdon-Medical-Practice,Brompton-Health-PCN
1/12/25 13:27,Poor,I was expecting a phone call instead I got email I was not told before hand I do prefer to talk to to my GP I requested a colonoscopy the respond was no He did not give me a concrete reason,Health-Partners-at-Violet-Melchett,Brompton-Health-PCN
1/8/26 10:12,Very good,The drs are really attentive and helpful and responsive,Earls-Court-Medical-Centre,Brompton-Health-PCN
1/31/25 12:03,Very good,I can always see or speak to a doctor,Earls-Court-Surgery,Brompton-Health-PCN
4/23/26 12:22,Very good,The service at Stanhope Mews is always first class,Stanhope-Mews-Surgery,Brompton-Health-PCN
3/30/26 12:08,Very good,I am very happy with the service the professionalism of all staff and the care,Stanhope-Mews-Surgery,Brompton-Health-PCN
5/31/24 8:12,Very good,The receptionist were very attentive and helpful I was seen by my GP appropriately Thank you for your service,The-Chelsea-Practice,Brompton-Health-PCN
6/20/24 13:10,Very good,Consistently high level of care and service at this surgery,Stanhope-Mews-Surgery,Brompton-Health-PCN
6/3/24 13:40,Good,Online appointment booking is great however sometimes struggle to get through to the office And previously despite having said it was a face to face the wrong time was booked However the team is generally lovely,The-Abingdon-Medical-Practice,Brompton-Health-PCN
7/31/24 5:43,Very good,Notification when the doctor is running late,Scarsdale-Medical-Centre,Brompton-Health-PCN
4/15/26 12:57,Very good,The receptionist knew my concerns communicated with the Dr so I received an appointment,The-Abingdon-Medical-Practice,Brompton-Health-PCN
4/1/24 14:00,Very good,Gp is understanding and compassionate The reception staff are courteous And friendly and always try to help you every way they can,Earls-Court-Surgery,Brompton-Health-PCN
8/29/24 9:43,Very poor,doctor raj showed no interest was unfriendly and even9incorrectkly suggested i was registered at another surgery i needed a fitnote and she made me feel like a scrounger i have no wish to see this doctor again,Earls-Court-Medical-Centre,Brompton-Health-PCN
2/29/24 12:31,Neither good nor poor,overall the service is Good moving the surgery has been challenging due to the time it takes to get there now used to be 10 mins its now 50 mins,Health-Partners-at-Violet-Melchett,Brompton-Health-PCN
8/23/24 6:58,Very good,It was very fast and very responsive,Emperors-Gate-Health-Centre,Brompton-Health-PCN
7/25/25 12:24,Very poor,I m a accessible person and was made to feel very tiny indeed when speaking to the person,Health-Partners-at-Violet-Melchett,Brompton-Health-PCN
11/26/25 17:05,Very good,People are so friendly even when they are busy,The-Abingdon-Medical-Practice,Brompton-Health-PCN
2/29/24 20:26,Very good,I am happy to say that all requests for appointments have always been accessible and prescriptions followed up without delay,Scarsdale-Medical-Centre,Brompton-Health-PCN
2/15/25 9:55,Very good,It all went ahread on time znd I was completely satisfied with my experience,The-Chelsea-Practice,Brompton-Health-PCN
8/18/25 16:36,Good,The doctor was very kind to accept my request for a visit face to face on the same morning Instead I can t understand why receptionist at the phone trying to send the patient me to a different GP,Emperors-Gate-Health-Centre,Brompton-Health-PCN
2/4/26 14:06,Very good,Mr PERSON is very professional and always puts me at ease with his high level of competence,Health-Partners-at-Violet-Melchett,Brompton-Health-PCN
10/8/26 5:22,Very good,Because I have the best Doctor PERSON who apart to be a very good professional is an amazing person also PERSON PERSON the girls working in the reception they are very helpful kind and nice people I need including the 2 lady s to take the blood text unfortunately idontcremember that he name all of them make me feel at home Thank you very much all of you,Emperors-Gate-Health-Centre,Brompton-Health-PCN
10/29/24 8:55,Very good,Every time I came with my appointment it s always on time,Stanhope-Mews-Surgery,Brompton-Health-PCN
6/23/25 12:45,Very good,Staff are all very helpful friendly and knowledgeable,The-Chelsea-Practice,Brompton-Health-PCN
1/6/25 20:03,Very good,I ve found professional who treated me kindly with respect,Earls-Court-Surgery,Brompton-Health-PCN
9/24/24 19:08,Very good,I got timely appointment with a very good doctor The receptionist was very courteous and efficient,Kensington-Park-Medical-Centre,Brompton-Health-PCN
9/24/24 10:16,Very good,Full marks to Dr PERSON listening empathy and I felt like being listened to and helpful,Stanhope-Mews-Surgery,Brompton-Health-PCN
2/22/24 15:19,Good,Overall Good Staff is friendly and GP is responsive Premises could do with a bit of a facelift Website could offer more interactive features as not all the ones listed are actually available,Earls-Court-Surgery,Brompton-Health-PCN
1/20/26 19:06,Very good,It looks like new young doctors care more and better about their patients,Emperors-Gate-Health-Centre,Brompton-Health-PCN
6/22/24 14:53,Very good,I have confidence in the doctors I have seen,Stanhope-Mews-Surgery,Brompton-Health-PCN
3/17/26 16:49,Poor,First appointment was more of a fob off Come back in 2 weeks if it still hurts Second appointment Didn t seem to know what was wrong directed to physio Physio appointment Diagnosed wrong and gave wrong advice Had to pay for a specialist to do a scan as no scan was offered before Out come was a completely different diagnosis that requires more scans and treatment,Health-Partners-at-Violet-Melchett,Brompton-Health-PCN
6/6/26 16:12,Good,Prompt connection with a doctor who came to see me,Health-Partners-at-Violet-Melchett,Brompton-Health-PCN
9/30/24 8:24,Very good,Amazingly responsive service Recently changed from another practice and the level of depth and ease of communication is phenomenally better,The-Chelsea-Practice,Brompton-Health-PCN
1/28/26 11:23,Good,Conversation over the phone went smoothly and with respect,The-Abingdon-Medical-Practice,Brompton-Health-PCN
8/3/24 23:16,Very good,The service from the receptionist has been Very good always kind and will get a dr to call you back,Health-Partners-at-Violet-Melchett,Brompton-Health-PCN
2/3/26 14:16,Poor,Long awaited appointment cancelled on day no replacement appointment available not the first time this has happened,Health-Partners-at-Violet-Melchett,Brompton-Health-PCN
2/17/26 17:39,Very good,Dr PERSON called me back promptly listened with full attention and then decided I needed to be seen by a specialist She booked me in while I was on the phone so the handover was seamless and required no agency in my part The specialist examined me and swiftly organised a physio appointment for the following day and referral to Phsiotherapy Women s health Pelvic Triage for further care,Stanhope-Mews-Surgery,Brompton-Health-PCN
7/25/24 9:10,Very good,GP always returns calls follow up on problems Nurses very sensible and caring,Stanhope-Mews-Surgery,Brompton-Health-PCN
1/28/25 1:45,Very good,All doctors are very helpful and professional It was easy to get appointments for analysis check and advice regarding the results,Scarsdale-Medical-Centre,Brompton-Health-PCN
1/9/26 11:13,Very good,The GP throughly listened to my concerns and determined next steps to investigate what is going on,Health-Partners-at-Violet-Melchett,Brompton-Health-PCN
5/5/25 15:49,Very good,I was treated kindly efficiently and effectively by Dr PERSON eling which I appreciated,Health-Partners-at-Violet-Melchett,Brompton-Health-PCN
1/17/25 19:48,Very good,KPMC provides exceptional care and healthcare,Kensington-Park-Medical-Centre,Brompton-Health-PCN
4/14/26 17:24,Very good,I wrote on Patches and the GP called me the very next day,Health-Partners-at-Violet-Melchett,Brompton-Health-PCN
2/9/24 20:54,Very poor,Doctor was very rude and she was in a rush because she said they are closing soon and she is tired and did not even help me with my condition just asked me to be patient,Emperors-Gate-Health-Centre,Brompton-Health-PCN
3/9/24 12:00,Very good,Amazing GP and a good receptionist,Kensington-Park-Medical-Centre,Brompton-Health-PCN
5/21/24 15:10,Very good,Very good support from the doctors and the whole team The doctors are knowledgeable and always ready to solve any medical problem,Stanhope-Mews-Surgery,Brompton-Health-PCN
1/8/25 15:20,Good,It s been easy to get repeat prescriptions but trying to get a new medication added has been very difficult I have often sent through requests and nothing has happened,Earls-Court-Medical-Centre,Brompton-Health-PCN
7/30/26 10:38,Very good,On time fast very polite staff,Earls-Court-Medical-Centre,Brompton-Health-PCN
11/7/25 9:56,Very good,Friendly at reception I collected a prescription,Stanhope-Mews-Surgery,Brompton-Health-PCN
6/14/26 10:35,Very good,Professional physician assistant I felt I was listened to and not rushed I got the advice I needed Very informative Thank you,The-Good-Practice,Brompton-Health-PCN
5/29/25 14:01,Very good,Dr PERSON is a very professional and respected doctor As always I had a very good experience with him He showed alot of sympathy and manged to prescribe the right medication for my symptom Thank you,Earls-Court-Surgery,Brompton-Health-PCN
9/24/24 8:24,Very good,I feel happy and grateful with your services,Stanhope-Mews-Surgery,Brompton-Health-PCN
3/10/25 16:21,Very good,Quick efficient and no waiting time,The-Chelsea-Practice,Brompton-Health-PCN
9/26/24 12:25,Very good,I am so happy and proud to be a patient at the Stanhope Mews Surgery Everyone from the receptionist to the amazing Dr s including Dr PERSON are massively dedicated always finding time in their hectic schedule to speak cajole and dispense advise on any minor or major health issues for which I am eternally grateful,Stanhope-Mews-Surgery,Brompton-Health-PCN
7/15/26 11:17,Very good,I m a new patient and so far my experience has been very good,Health-Partners-at-Violet-Melchett,Brompton-Health-PCN
6/1/25 16:44,Very good,As always every one is great,Health-Partners-at-Violet-Melchett,Brompton-Health-PCN
8/15/24 18:57,Very good,i was satisfied the staff was kind and the service quick,Health-Partners-at-Violet-Melchett,Brompton-Health-PCN
4/23/24 18:54,Very good,It was all efficient friendly and quick,Stanhope-Mews-Surgery,Brompton-Health-PCN
11/21/25 3:39,Neither good or poor,I was there to ask for a referral for my allergy The doctor was not very known about my condition and possible treatments I got no advice no referral I was asked to provide documents about my past exams Fair enough but I have allergy now The past can be useful but nothing was done to address the present referral to a specialist or other stuff of this kind,Scarsdale-Medical-Centre,Brompton-Health-PCN
1/7/26 10:31,Very good,Short waiting times quick telephone response,Health-Partners-at-Violet-Melchett,Brompton-Health-PCN
